r,z
0.01826086956521739,-2.364782608695652
0.13695652173913042,-2.355652173913043
0.18260869565217389,-2.3465217391304347
0.22826086956521738,-2.337391304347826
0.25565217391304346,-2.328260869565217
0.2830434782608695,-2.3191304347826085
0.3104347826086956,-2.3099999999999996
0.328695652173913,-2.300869565217391
0.3378260869565217,-2.2917391304347823
0.3560869565217391,-2.282608695652174
0.3743478260869565,-2.273478260869565
0.3926086956521739,-2.264347826086956
0.41086956521739126,-2.2552173913043476
0.42913043478260865,-2.2460869565217387
0.45652173913043476,-2.2369565217391303
0.47478260869565214,-2.2278260869565214
0.4930434782608695,-2.218695652173913
0.5021739130434782,-2.209565217391304
0.5204347826086956,-2.2004347826086956
0.538695652173913,-2.1913043478260867
0.5478260869565217,-2.182173913043478
0.5569565217391304,-2.1730434782608694
0.566086956521739,-2.1639130434782605
0.5843478260869565,-2.154782608695652
0.5934782608695651,-2.145652173913043
0.6026086956521739,-2.1365217391304347
0.6117391304347826,-2.127391304347826
0.6208695652173912,-2.118260869565217
0.6299999999999999,-2.1091304347826085
0.6391304347826087,-2.0999999999999996
0.6482608695652173,-2.090869565217391
0.657391304347826,-2.0817391304347823
0.6665217391304347,-2.072608695652174
0.6756521739130434,-2.063478260869565
0.6847826086956521,-2.054347826086956
0.6939130434782608,-2.0452173913043477
0.6939130434782608,-2.0360869565217388
0.7030434782608694,-2.0269565217391303
0.7121739130434782,-2.0178260869565214
0.7213043478260869,-2.008695652173913
0.7304347826086955,-1.999565217391304
0.7304347826086955,-1.9904347826086954
0.7395652173913043,-1.9813043478260868
0.748695652173913,-1.972173913043478
0.7578260869565216,-1.9630434782608694
0.7578260869565216,-1.9539130434782606
0.7669565217391303,-1.944782608695652
0.7760869565217391,-1.9356521739130432
0.7760869565217391,-1.9265217391304346
0.7852173913043478,-1.917391304347826
0.7852173913043478,-1.9082608695652172
0.7943478260869564,-1.8991304347826086
0.8034782608695651,-1.8899999999999997
0.8034782608695651,-1.880869565217391
0.8126086956521739,-1.8717391304347823
0.8217391304347825,-1.8626086956521737
0.8217391304347825,-1.853478260869565
0.8308695652173912,-1.8443478260869564
0.8308695652173912,-1.8352173913043477
0.8399999999999999,-1.826086956521739
0.8399999999999999,-1.8169565217391301
0.8491304347826086,-1.8078260869565215
0.8491304347826086,-1.7986956521739128
0.8582608695652173,-1.7895652173913041
0.8582608695652173,-1.7804347826086955
0.867391304347826,-1.7713043478260868
0.8765217391304347,-1.7621739130434781
0.8765217391304347,-1.7530434782608695
0.8765217391304347,-1.7439130434782606
0.8856521739130434,-1.734782608695652
0.8856521739130434,-1.7256521739130433
0.8856521739130434,-1.7165217391304346
0.8947826086956521,-1.707391304347826
0.8947826086956521,-1.6982608695652173
0.8947826086956521,-1.6891304347826086
0.9039130434782607,-1.6799999999999997
0.9039130434782607,-1.670869565217391
0.9039130434782607,-1.6617391304347824
0.9130434782608695,-1.6526086956521737
0.9130434782608695,-1.643478260869565
0.9130434782608695,-1.6343478260869564
0.9130434782608695,-1.6252173913043477
0.9221739130434782,-1.616086956521739
0.9221739130434782,-1.6069565217391302
0.9221739130434782,-1.5978260869565215
0.9221739130434782,-1.5886956521739128
0.9221739130434782,-1.5795652173913042
0.9221739130434782,-1.5704347826086955
0.9221739130434782,-1.5613043478260868
0.9221739130434782,-1.5521739130434782
0.9313043478260868,-1.5430434782608693
0.9313043478260868,-1.5339130434782606
0.9313043478260868,-1.524782608695652
0.9313043478260868,-1.5156521739130433
0.9313043478260868,-1.5065217391304346
0.9404347826086955,-1.497391304347826
0.9404347826086955,-1.4882608695652173
0.9404347826086955,-1.4791304347826086
0.9404347826086955,-1.4699999999999998
0.9404347826086955,-1.460869565217391
0.9404347826086955,-1.4517391304347824
0.9404347826086955,-1.4426086956521738
0.9495652173913043,-1.433478260869565
0.9495652173913043,-1.4243478260869564
0.9495652173913043,-1.4152173913043478
0.9495652173913043,-1.4060869565217389
0.9495652173913043,-1.3969565217391302
0.9495652173913043,-1.3878260869565215
0.9495652173913043,-1.3786956521739129
0.9495652173913043,-1.3695652173913042
0.9495652173913043,-1.3604347826086955
0.9495652173913043,-1.3513043478260869
0.9495652173913043,-1.3421739130434782
0.9495652173913043,-1.3330434782608693
0.9495652173913043,-1.3239130434782607
0.9495652173913043,-1.314782608695652
0.9495652173913043,-1.3056521739130433
0.9495652173913043,-1.2965217391304347
0.9495652173913043,-1.287391304347826
0.9495652173913043,-1.2782608695652173
0.9495652173913043,-1.2691304347826085
0.9495652173913043,-1.2599999999999998
0.9495652173913043,-1.2508695652173911
0.9495652173913043,-1.2417391304347825
0.9495652173913043,-1.2326086956521738
0.9495652173913043,-1.2234782608695651
0.9495652173913043,-1.2143478260869565
0.9495652173913043,-1.2052173913043478
0.9495652173913043,-1.196086956521739
0.9495652173913043,-1.1869565217391302
0.9495652173913043,-1.1778260869565216
0.9495652173913043,-1.168695652173913
0.9495652173913043,-1.1595652173913042
0.9404347826086955,-1.1504347826086956
0.9404347826086955,-1.141304347826087
0.9404347826086955,-1.132173913043478
0.9404347826086955,-1.1230434782608694
0.9404347826086955,-1.1139130434782607
0.9404347826086955,-1.104782608695652
0.9313043478260868,-1.0956521739130434
0.9313043478260868,-1.0865217391304347
0.9313043478260868,-1.077391304347826
0.9313043478260868,-1.0682608695652174
0.9221739130434782,-1.0591304347826085
0.9221739130434782,-1.0499999999999998
0.9221739130434782,-1.0408695652173912
0.9221739130434782,-1.0317391304347825
0.9130434782608695,-1.0226086956521738
0.9130434782608695,-1.0134782608695652
0.9130434782608695,-1.0043478260869565
0.9039130434782607,-0.9952173913043477
0.9039130434782607,-0.986086956521739
0.9039130434782607,-0.9769565217391303
0.8947826086956521,-0.9678260869565216
0.8947826086956521,-0.958695652173913
0.8947826086956521,-0.9495652173913043
0.8856521739130434,-0.9404347826086955
0.8856521739130434,-0.9313043478260868
0.8856521739130434,-0.9221739130434782
0.8765217391304347,-0.9130434782608695
0.8765217391304347,-0.9039130434782607
0.867391304347826,-0.8947826086956521
0.867391304347826,-0.8856521739130434
0.867391304347826,-0.8765217391304347
0.8582608695652173,-0.867391304347826
0.8582608695652173,-0.8582608695652173
0.8582608695652173,-0.8491304347826086
0.8491304347826086,-0.8399999999999999
0.8491304347826086,-0.8308695652173912
0.8399999999999999,-0.8217391304347825
0.8399999999999999,-0.8126086956521739
0.8308695652173912,-0.8034782608695651
0.8308695652173912,-0.7943478260869564
0.8217391304347825,-0.7852173913043478
0.8126086956521739,-0.7760869565217391
0.8126086956521739,-0.7669565217391303
0.8034782608695651,-0.7578260869565216
0.8034782608695651,-0.748695652173913
0.7943478260869564,-0.7395652173913043
0.7943478260869564,-0.7304347826086955
0.7852173913043478,-0.7213043478260869
0.7760869565217391,-0.7121739130434782
0.7760869565217391,-0.7030434782608694
0.7669565217391303,-0.6939130434782608
0.7669565217391303,-0.6847826086956521
0.7578260869565216,-0.6756521739130434
0.748695652173913,-0.6665217391304347
0.748695652173913,-0.657391304347826
0.7395652173913043,-0.6482608695652173
0.7304347826086955,-0.6391304347826087
0.7304347826086955,-0.6299999999999999
0.7213043478260869,-0.6208695652173912
0.7121739130434782,-0.6117391304347826
0.7121739130434782,-0.6026086956521739
0.7030434782608694,-0.5934782608695651
0.6939130434782608,-0.5843478260869565
0.6939130434782608,-0.5752173913043478
0.6847826086956521,-0.566086956521739
0.6756521739130434,-0.5569565217391304
0.6665217391304347,-0.5478260869565217
0.6665217391304347,-0.538695652173913
0.657391304347826,-0.5295652173913042
0.6482608695652173,-0.5204347826086956
0.6482608695652173,-0.5113043478260869
0.6391304347826087,-0.5021739130434782
0.6299999999999999,-0.4930434782608695
0.6208695652173912,-0.4839130434782608
0.6208695652173912,-0.47478260869565214
0.6117391304347826,-0.4656521739130434
0.6026086956521739,-0.45652173913043476
0.5934782608695651,-0.44739130434782604
0.5843478260869565,-0.43826086956521737
0.5752173913043478,-0.42913043478260865
0.5752173913043478,-0.41999999999999993
0.566086956521739,-0.41086956521739126
0.5569565217391304,-0.40173913043478254
0.5478260869565217,-0.3926086956521739
0.538695652173913,-0.38347826086956516
0.5295652173913042,-0.3743478260869565
0.5204347826086956,-0.36521739130434777
0.5113043478260869,-0.3560869565217391
0.5021739130434782,-0.3469565217391304
0.4930434782608695,-0.3378260869565217
0.4839130434782608,-0.328695652173913
0.47478260869565214,-0.31956521739130433
0.4656521739130434,-0.3104347826086956
0.45652173913043476,-0.30130434782608695
0.44739130434782604,-0.29217391304347823
0.43826086956521737,-0.2830434782608695
0.42913043478260865,-0.27391304347826084
0.41999999999999993,-0.2647826086956521
0.41086956521739126,-0.25565217391304346
0.40173913043478254,-0.24652173913043476
0.3926086956521739,-0.23739130434782607
0.38347826086956516,-0.22826086956521738
0.3743478260869565,-0.21913043478260869
0.36521739130434777,-0.20999999999999996
0.3560869565217391,-0.20086956521739127
0.3469565217391304,-0.19173913043478258
0.3378260869565217,-0.18260869565217389
0.328695652173913,-0.1734782608695652
0.31956521739130433,-0.1643478260869565
0.3104347826086956,-0.1552173913043478
0.3104347826086956,-0.14608695652173911
0.30130434782608695,-0.13695652173913042
0.29217391304347823,-0.12782608695652173
0.2830434782608695,-0.11869565217391304
0.27391304347826084,-0.10956521739130434
0.2647826086956521,-0.10043478260869564
0.25565217391304346,-0.09130434782608694
0.24652173913043476,-0.08217391304347825
0.24652173913043476,-0.07304347826086956
0.23739130434782607,-0.06391304347826086
0.22826086956521738,-0.05478260869565217
0.22826086956521738,-0.04565217391304347
0.21913043478260869,-0.03652173913043478
0.21913043478260869,-0.027391304347826086
0.20999999999999996,-0.01826086956521739
0.20999999999999996,-0.009130434782608695
0.20999999999999996,0.0
